name,link
Kia Morning MT,https://xebiz.vn/gia-xe/kia-morning-mt/
Suzuki Celerio MT,https://xebiz.vn/gia-xe/suzuki-celerio-mt/
Kia Morning AT,https://xebiz.vn/gia-xe/kia-morning-at/
Toyota Wigo 1.2 G MT,https://xebiz.vn/gia-xe/toyota-wigo-1-2-g-mt/
Suzuki Celerio CVT,https://xebiz.vn/gia-xe/suzuki-celerio-cvt/
Hyundai Grand i10 Hatchback 1.0 MT Base,https://xebiz.vn/gia-xe/hyundai-grand-i10-hatchback-1-0-mt-base/
Kia Morning AT Deluxe,https://xebiz.vn/gia-xe/kia-morning-at-deluxe/
Chevrolet Spark LS,https://xebiz.vn/gia-xe/chevrolet-spark-ls/
Hyundai Grand i10 Hatchback 1.0 MT,https://xebiz.vn/gia-xe/hyundai-grand-i10-hatchback-1-0-mt/
Mitsubishi Attrage 1.2 MT,https://xebiz.vn/gia-xe/mitsubishi-attrage-1-2-mt/
Hyundai Grand i10 Sedan 1.2 MT Base,https://xebiz.vn/gia-xe/hyundai-grand-i10-sedan-1-2-mt-base/
Hyundai Grand i10 Hatchback 1.2 MT Base,https://xebiz.vn/gia-xe/hyundai-grand-i10-hatchback-1-2-mt-base/
Hyundai Grand i10 Hatchback 1.0 AT,https://xebiz.vn/gia-xe/hyundai-grand-i10-hatchback-1-0-at/
Chevrolet Spark LT,https://xebiz.vn/gia-xe/chevrolet-spark-lt/
Hyundai Grand i10 Hatchback 1.2 MT,https://xebiz.vn/gia-xe/hyundai-grand-i10-hatchback-1-2-mt/
Kia Morning AT Luxury,https://xebiz.vn/gia-xe/kia-morning-at-luxury/
Mitsubishi Mirage MT,https://xebiz.vn/gia-xe/mitsubishi-mirage-mt/
Kia Soluto MT,https://xebiz.vn/gia-xe/kia-soluto-mt/
Kia Soluto 1.4MT 2021,https://xebiz.vn/gia-xe/kia-soluto-1-4mt-2021/
Toyota Wigo 1.2 G AT,https://xebiz.vn/gia-xe/toyota-wigo-1-2-g-at/
Hyundai Grand i10 Hatchback 1.2 AT,https://xebiz.vn/gia-xe/hyundai-grand-i10-hatchback-1-2-at/
Vinfast Fadil 1.4 Tiêu chuẩn CVT,https://xebiz.vn/gia-xe/vinfast-fadil-1-4-tieu-chuan-cvt/
Honda Brio 1.2 G,https://xebiz.vn/gia-xe/honda-brio-1-2-g/
Hyundai Grand i10 Sedan 1.2 MT,https://xebiz.vn/gia-xe/hyundai-grand-i10-sedan-1-2-mt/
Hyundai Accent 1.4MT Tiêu chuẩn,https://xebiz.vn/gia-xe/hyundai-accent-1-4mt-tieu-chuan/
Kia Soluto 1.4MT Deluxe 2021,https://xebiz.vn/gia-xe/kia-soluto-1-4mt-deluxe-2021/
Kia Soluto MT Deluxe,https://xebiz.vn/gia-xe/kia-soluto-mt-deluxe/
Mitsubishi Mirage CVT Eco,https://xebiz.vn/gia-xe/mitsubishi-mirage-cvt-eco/
Hyundai Grand i10 Sedan 1.2 AT,https://xebiz.vn/gia-xe/hyundai-grand-i10-sedan-1-2-at/
Nissan Sunny XL,https://xebiz.vn/gia-xe/nissan-sunny-xl/
Vinfast Fadil 1.4 Nâng cao CVT,https://xebiz.vn/gia-xe/vinfast-fadil-1-4-nang-cao-cvt/
Kia Soluto 1.4AT Deluxe 2021,https://xebiz.vn/gia-xe/kia-soluto-1-4at-deluxe-2021/
Chevrolet Aveo LT,https://xebiz.vn/gia-xe/chevrolet-aveo-lt/
Kia Soluto AT Deluxe,https://xebiz.vn/gia-xe/kia-soluto-at-deluxe/
Mitsubishi Attrage 1.2 CVT,https://xebiz.vn/gia-xe/mitsubishi-attrage-1-2-cvt/
Nissan Sunny XT,https://xebiz.vn/gia-xe/nissan-sunny-xt/
Hyundai Accent 1.4 MT,https://xebiz.vn/gia-xe/hyundai-accent-1-4-mt/
Toyota Vios 1.5 E MT,https://xebiz.vn/gia-xe/toyota-vios-1-5-e-mt/
Kia Rio 1.4 MT,https://xebiz.vn/gia-xe/kia-rio-1-4-mt/
Toyota Vios E (3 túi khí),https://xebiz.vn/gia-xe/toyota-vios-e-3-tui-khi/
Mitsubishi Mirage CVT,https://xebiz.vn/gia-xe/mitsubishi-mirage-cvt/
Vinfast Fadil 1.4 Cao cấp CVT,https://xebiz.vn/gia-xe/vinfast-fadil-1-4-cao-cap-cvt/
Suzuki Ciaz 1.4 AT,https://xebiz.vn/gia-xe/suzuki-ciaz-1-4-at/
Nissan Sunny XT-Q,https://xebiz.vn/gia-xe/nissan-sunny-xt-q/
Honda Brio 1.2 RS,https://xebiz.vn/gia-xe/honda-brio-1-2-rs/
Chevrolet Aveo LTZ,https://xebiz.vn/gia-xe/chevrolet-aveo-ltz/
Nissan Sunny XV,https://xebiz.vn/gia-xe/nissan-sunny-xv/
Suzuki Swift 1.2 GL CVT,https://xebiz.vn/gia-xe/suzuki-swift-1-2-gl-cvt/
Hyundai Accent 1.4AT,https://xebiz.vn/gia-xe/hyundai-accent-1-4at/
Kia Soluto AT Luxury,https://xebiz.vn/gia-xe/kia-soluto-at-luxury/
Suzuki Ertiga 1.5L GL MT,https://xebiz.vn/gia-xe/suzuki-ertiga-1-5l-gl-mt/
Kia Soluto 1.4AT Luxury 2021,https://xebiz.vn/gia-xe/kia-soluto-1-4at-luxury-2021/
Honda Mobilio 1.5 S MT,https://xebiz.vn/gia-xe/honda-mobilio-1-5-s-mt/
Mazda 2 1.5,https://xebiz.vn/gia-xe/mazda-2-1-5-2/
Mazda 2 1.5,https://xebiz.vn/gia-xe/mazda-2-1-5/
Kia Rio 1.4 AT,https://xebiz.vn/gia-xe/kia-rio-1-4-at/
Nissan Sunny XV-Q,https://xebiz.vn/gia-xe/nissan-sunny-xv-q/
Toyota Vios E CVT (3 túi khí),https://xebiz.vn/gia-xe/toyota-vios-e-cvt-3-tui-khi/
Toyota Vios 1.5 E CVT,https://xebiz.vn/gia-xe/toyota-vios-1-5-e-cvt/
Toyota Vios 1.5 E CVT 2021,https://xebiz.vn/gia-xe/toyota-vios-1-5-e-cvt-2021/
Hyundai Accent 1.4AT Đặc biệt,https://xebiz.vn/gia-xe/hyundai-accent-1-4at-dac-biet/
Honda Jazz 1.5 V CVT,https://xebiz.vn/gia-xe/honda-jazz-1-5-v-cvt/
Toyota Avanza 1.3 MT,https://xebiz.vn/gia-xe/toyota-avanza-1-3-mt/
Ford EcoSport 1.5L MT Ambiente,https://xebiz.vn/gia-xe/ford-ecosport-1-5l-mt-ambiente/
Ford EcoSport Ambiente 1.5MT 2019,https://xebiz.vn/gia-xe/ford-ecosport-ambiente-1-5mt-2019/
Mazda 2 1.5 Deluxe Sedan,https://xebiz.vn/gia-xe/mazda-2-1-5-deluxe-sedan/
Suzuki Swift 1.2 GLX CVT,https://xebiz.vn/gia-xe/suzuki-swift-1-2-glx-cvt/
Mazda 2 Hatchback 1.5 Deluxe Hatchback,https://xebiz.vn/gia-xe/mazda-2-hatchback-1-5-deluxe-hatchback/
Mitsubishi Xpander MT,https://xebiz.vn/gia-xe/mitsubishi-xpander-mt/
Suzuki Ertiga 1.5L GLX AT,https://xebiz.vn/gia-xe/suzuki-ertiga-1-5l-glx-at/
Suzuki Ertiga 1.5L Sport AT,https://xebiz.vn/gia-xe/suzuki-ertiga-1-5l-sport-at/
Honda City 1.5 G,https://xebiz.vn/gia-xe/honda-city-1-5-g/
Kia Cerato 1.6 MT,https://xebiz.vn/gia-xe/kia-cerato-1-6-mt/
Hyundai Elantra 1.6 MT,https://xebiz.vn/gia-xe/hyundai-elantra-1-6-mt/
Ford EcoSport Ambiente 1.5AT 2019,https://xebiz.vn/gia-xe/ford-ecosport-ambiente-1-5at-2019/
Ford EcoSport 1.5L AT Ambiente,https://xebiz.vn/gia-xe/ford-ecosport-1-5l-at-ambiente/
Toyota Vios 1.5 G CVT,https://xebiz.vn/gia-xe/toyota-vios-1-5-g-cvt/
Honda Mobilio 1.5 V CVT,https://xebiz.vn/gia-xe/honda-mobilio-1-5-v-cvt/
Kia Rondo 2.0 Standard MT,https://xebiz.vn/gia-xe/kia-rondo-2-0-standard-mt/
Nissan Navara 2.5 MT 2WD E,https://xebiz.vn/gia-xe/nissan-navara-2-5-mt-2wd-e/
Chevrolet Cruze LT,https://xebiz.vn/gia-xe/chevrolet-cruze-lt/
Kia Seltos 1.4 Deluxe,https://xebiz.vn/gia-xe/kia-seltos-1-4-deluxe/
Kia Cerato 1.6 AT,https://xebiz.vn/gia-xe/kia-cerato-1-6-at/
Suzuki XL7 GLX,https://xebiz.vn/gia-xe/suzuki-xl7-glx/
Kia Rio Hatchback 1.6 CVT,https://xebiz.vn/gia-xe/kia-rio-hatchback-1-6-cvt/
Toyota Avanza 1.5 AT,https://xebiz.vn/gia-xe/toyota-avanza-1-5-at/
Ford EcoSport Trend 1.5AT 2019,https://xebiz.vn/gia-xe/ford-ecosport-trend-1-5at-2019/
Ford EcoSport 1.5L AT Trend,https://xebiz.vn/gia-xe/ford-ecosport-1-5l-at-trend/
Honda Jazz 1.5 VX CVT,https://xebiz.vn/gia-xe/honda-jazz-1-5-vx-cvt/
Mazda 2 1.5 Luxury Sedan,https://xebiz.vn/gia-xe/mazda-2-1-5-luxury-sedan/
Honda City 1.5 L,https://xebiz.vn/gia-xe/honda-city-1-5-l/
Renault Logan 1.6 AT,https://xebiz.vn/gia-xe/renault-logan-1-6-at/
Suzuki XL7 Zeta,https://xebiz.vn/gia-xe/suzuki-xl7-zeta/
Mazda 2 Hatchback 1.5 Luxury Hatchback,https://xebiz.vn/gia-xe/mazda-2-hatchback-1-5-luxury-hatchback/
Kia Rondo 2.0 Deluxe MT,https://xebiz.vn/gia-xe/kia-rondo-2-0-deluxe-mt/
Ford Fiesta Sport,https://xebiz.vn/gia-xe/ford-fiesta-sport/
Ford Ranger XL 2.2L 4×4 MT,https://xebiz.vn/gia-xe/ford-ranger-xl-2-2l-4x4-mt/
Honda Jazz 1.5 RS CVT,https://xebiz.vn/gia-xe/honda-jazz-1-5-rs-cvt/
Honda Mobilio 1.5 RS CVT,https://xebiz.vn/gia-xe/honda-mobilio-1-5-rs-cvt/
Toyota Hilux 2.4 4X2 MT,https://xebiz.vn/gia-xe/toyota-hilux-2-4-4x2-mt/
Chevrolet Colorado 2.5L 4×2 MT LT,https://xebiz.vn/gia-xe/chevrolet-colorado-2-5l-4x2-mt-lt/
Ford Focus Hatchback Trend,https://xebiz.vn/gia-xe/ford-focus-hatchback-trend/
Ford Focus Trend,https://xebiz.vn/gia-xe/ford-focus-trend/
Suzuki XL7 Beta,https://xebiz.vn/gia-xe/suzuki-xl7-beta/
Ford Ranger XLS 2.2L 4×2 MT,https://xebiz.vn/gia-xe/ford-ranger-xls-2-2l-4x2-mt/
Mitsubishi Xpander AT,https://xebiz.vn/gia-xe/mitsubishi-xpander-at/
Nissan Navara 2.5 AT 2WD EL A-IVI,https://xebiz.vn/gia-xe/nissan-navara-2-5-at-2wd-el-a-ivi/
Chevrolet Orlando LS 1.8 MT,https://xebiz.vn/gia-xe/chevrolet-orlando-ls-1-8-mt/
Honda BR-V 1.5 E CVT,https://xebiz.vn/gia-xe/honda-br-v-1-5-e-cvt/
Kia Cerato 1.6 Deluxe,https://xebiz.vn/gia-xe/kia-cerato-1-6-deluxe/
Hyundai Kona 2.0AT Tiêu chuẩn,https://xebiz.vn/gia-xe/hyundai-kona-2-0at-tieu-chuan/
Ford EcoSport 1.5L AT Titanium,https://xebiz.vn/gia-xe/ford-ecosport-1-5l-at-titanium/
Ford EcoSport Titanium 1.5AT 2019,https://xebiz.vn/gia-xe/ford-ecosport-titanium-1-5at-2019/
Kia Seltos 1.4 Luxury,https://xebiz.vn/gia-xe/kia-seltos-1-4-luxury/
Chevrolet Colorado 2.5L 4×4 MT LT,https://xebiz.vn/gia-xe/chevrolet-colorado-2-5l-4x4-mt-lt/
Mazda 2 1.5 Premium Sedan,https://xebiz.vn/gia-xe/mazda-2-1-5-premium-sedan/
Mitsubishi Xpander 1.5 AT 2021,https://xebiz.vn/gia-xe/mitsubishi-xpander-1-5-at-2021/
Toyota Yaris 1.5G CVT,https://xebiz.vn/gia-xe/toyota-yaris-1-5g-cvt/
Ford Ranger XLS 2.2L 4×2 AT,https://xebiz.vn/gia-xe/ford-ranger-xls-2-2l-4x2-at/
Toyota Yaris 1.5G CVT 2021,https://xebiz.vn/gia-xe/toyota-yaris-1-5g-cvt-2021/
Mitsubishi Xpander Special Edition,https://xebiz.vn/gia-xe/mitsubishi-xpander-special-edition/
Kia Cerato Hatchback 1.6 AT,https://xebiz.vn/gia-xe/kia-cerato-hatchback-1-6-at/
Isuzu D-Max LS 1.9 MT 4X2,https://xebiz.vn/gia-xe/isuzu-d-max-ls-1-9-mt-4x2/
Chevrolet Colorado 2.5L 4×2 AT LT,https://xebiz.vn/gia-xe/chevrolet-colorado-2-5l-4x2-at-lt/
Hyundai Elantra 1.6 AT,https://xebiz.vn/gia-xe/hyundai-elantra-1-6-at/
Mazda BT-50 Standard 4×4,https://xebiz.vn/gia-xe/mazda-bt-50-standard-4x4/
Toyota Hilux 2.4 4×2 AT,https://xebiz.vn/gia-xe/toyota-hilux-2-4-4x2-at/
Mazda BT-50 Luxury 4×2,https://xebiz.vn/gia-xe/mazda-bt-50-luxury-4x2/
Toyota Rush S 1.5AT 2021,https://xebiz.vn/gia-xe/toyota-rush-s-1-5at-2021/
Toyota Rush 1.5 AT S,https://xebiz.vn/gia-xe/toyota-rush-1-5-at-s/
Renault Sandero 1.6 AT,https://xebiz.vn/gia-xe/renault-sandero-1-6-at/
Kia Rondo 2.0 Deluxe,https://xebiz.vn/gia-xe/kia-rondo-2-0-deluxe/
Mitsubishi Xpander Cross 1.5 AT,https://xebiz.vn/gia-xe/mitsubishi-xpander-cross-1-5-at/
Kia Cerato 2.0 Premium,https://xebiz.vn/gia-xe/kia-cerato-2-0-premium/
Chevrolet Trax 1.4 LT,https://xebiz.vn/gia-xe/chevrolet-trax-1-4-lt/
Mazda BT-50 Deluxe 4×2,https://xebiz.vn/gia-xe/mazda-bt-50-deluxe-4x2/
Nissan Navara 2.5 MT 4WD SL A-IVI,https://xebiz.vn/gia-xe/nissan-navara-2-5-mt-4wd-sl-a-ivi/
Ford EcoSport 1.0L AT Titanium,https://xebiz.vn/gia-xe/ford-ecosport-1-0l-at-titanium/
Ford EcoSport Titanium 1.0 EcoBoost 2019,https://xebiz.vn/gia-xe/ford-ecosport-titanium-1-0-ecoboost-2019/
Chevrolet Orlando LTZ 1.8 AT,https://xebiz.vn/gia-xe/chevrolet-orlando-ltz-1-8-at/
Volkswagen Polo Hatchback 1.6 E Comfortline,https://xebiz.vn/gia-xe/volkswagen-polo-hatchback-1-6-e-comfortline/
Toyota Corolla Altis 1.8 E MT,https://xebiz.vn/gia-xe/toyota-corolla-altis-1-8-e-mt/
Hyundai Kona 2.0AT Đặc biệt,https://xebiz.vn/gia-xe/hyundai-kona-2-0at-dac-biet/
Hyundai Elantra 2.0 AT,https://xebiz.vn/gia-xe/hyundai-elantra-2-0-at/
Volkswagen Polo 1.6 E Comfortline,https://xebiz.vn/gia-xe/volkswagen-polo-1-6-e-comfortline/
Kia Seltos 1.6 Premium,https://xebiz.vn/gia-xe/kia-seltos-1-6-premium/
Chevrolet Cruze LTZ,https://xebiz.vn/gia-xe/chevrolet-cruze-ltz/
Honda BR-V 1.5 L CVT,https://xebiz.vn/gia-xe/honda-br-v-1-5-l-cvt/
Kia Seltos 1.4 Premium,https://xebiz.vn/gia-xe/kia-seltos-1-4-premium/
Mazda 3 1.5L Deluxe,https://xebiz.vn/gia-xe/mazda-3-1-5l-deluxe/
Toyota Corolla Cross 1.8 G,https://xebiz.vn/gia-xe/toyota-corolla-cross-1-8-g/
Toyota Corolla Altis 1.8 G CVT,https://xebiz.vn/gia-xe/toyota-corolla-altis-1-8-g-cvt/
Honda Civic 1.8 E,https://xebiz.vn/gia-xe/honda-civic-1-8-e/
Mitsubishi Triton 4×2 AT MIVEC,https://xebiz.vn/gia-xe/mitsubishi-triton-4x2-at-mivec/
Toyota Corolla Altis 1.8 E CVT,https://xebiz.vn/gia-xe/toyota-corolla-altis-1-8-e-cvt/
Isuzu D-Max LS Prestige 1.9 AT 4×2,https://xebiz.vn/gia-xe/isuzu-d-max-ls-prestige-1-9-at-4x2/
Mitsubishi Triton 4×2 AT MIVEC Premium,https://xebiz.vn/gia-xe/mitsubishi-triton-4x2-at-mivec-premium/
Kia Soul S 2.0 CVT,https://xebiz.vn/gia-xe/kia-soul-s-2-0-cvt/
Mazda BT-50 Premium 4×4,https://xebiz.vn/gia-xe/mazda-bt-50-premium-4x4/
Hyundai Kona 1.6 Tubro,https://xebiz.vn/gia-xe/hyundai-kona-1-6-tubro/
Mazda 3 2.0 AT 2021,https://xebiz.vn/gia-xe/mazda-3-2-0-at-2021/
Mazda CX-30 Premium,https://xebiz.vn/gia-xe/mazda-cx-30-premium/
Isuzu D-Max LS Prestige 1.9 MT 4×4,https://xebiz.vn/gia-xe/isuzu-d-max-ls-prestige-1-9-mt-4x4/
Ford Ranger XLT 2.2L 4×4 MT,https://xebiz.vn/gia-xe/ford-ranger-xlt-2-2l-4x4-mt/
Mazda 3 Hatchback 1.5L Sport Deluxe,https://xebiz.vn/gia-xe/mazda-3-hatchback-1-5l-sport-deluxe/
Chevrolet Colorado 2.5L 4×4 MT LTZ,https://xebiz.vn/gia-xe/chevrolet-colorado-2-5l-4x4-mt-ltz/
Mazda 3 1.5L Luxury,https://xebiz.vn/gia-xe/mazda-3-1-5l-luxury/
Hyundai Elantra Sport 1.6 T-GDi,https://xebiz.vn/gia-xe/hyundai-elantra-sport-1-6-t-gdi/
Ford Focus Hatchback Sport,https://xebiz.vn/gia-xe/ford-focus-hatchback-sport/
Ford Focus Titanium,https://xebiz.vn/gia-xe/ford-focus-titanium/
Toyota Innova 2.0 E MT,https://xebiz.vn/gia-xe/toyota-innova-2-0-e-mt/
Toyota Hilux 2.4 4×4 MT,https://xebiz.vn/gia-xe/toyota-hilux-2-4-4x4-mt/
Isuzu Mu-X B7,https://xebiz.vn/gia-xe/isuzu-mu-x-b7/
Ford Ranger XLT 2.2L 4×4 AT,https://xebiz.vn/gia-xe/ford-ranger-xlt-2-2l-4x4-at/
Ford Ranger LTD 2.2L 4×4 AT,https://xebiz.vn/gia-xe/ford-ranger-ltd-2-2l-4x4-at/
Toyota Venza 2.5 CVT,https://xebiz.vn/gia-xe/toyota-venza-2-5-cvt/
Nissan Navara 2.5 AT 4WD VL A-IVI,https://xebiz.vn/gia-xe/nissan-navara-2-5-at-4wd-vl-a-ivi/
Honda HR-V 1.8 G CVT,https://xebiz.vn/gia-xe/honda-hr-v-1-8-g-cvt/
Honda Civic 1.8 G,https://xebiz.vn/gia-xe/honda-civic-1-8-g/
Chevrolet Colorado 2.5L 4×4 AT LTZ,https://xebiz.vn/gia-xe/chevrolet-colorado-2-5l-4x4-at-ltz/
Kia Optima 2.0 AT,https://xebiz.vn/gia-xe/kia-optima-2-0-at/
Kia Optima Luxury,https://xebiz.vn/gia-xe/kia-optima-luxury/
Ford Transit Tiêu chuẩn,https://xebiz.vn/gia-xe/ford-transit-tieu-chuan/
Renault Duster 2.0 AT,https://xebiz.vn/gia-xe/renault-duster-2-0-at/
Mazda 3 Hatchback 1.5L Sport Luxury,https://xebiz.vn/gia-xe/mazda-3-hatchback-1-5l-sport-luxury/
Hyundai Tucson 2.0 Bản Tiêu Chuẩn,https://xebiz.vn/gia-xe/hyundai-tucson-2-0-ban-tieu-chuan/
Kia Sorento 2.4 GAT Deluxe,https://xebiz.vn/gia-xe/kia-sorento-2-4-gat-deluxe/
Ford Transit Tiêu chuẩn plus,https://xebiz.vn/gia-xe/ford-transit-tieu-chuan-plus/
Chevrolet Colorado Storm,https://xebiz.vn/gia-xe/chevrolet-colorado-storm/
Mazda 6 2.0 Deluxe AT,https://xebiz.vn/gia-xe/mazda-6-2-0-deluxe-at/
Chevrolet Colorado High Country,https://xebiz.vn/gia-xe/chevrolet-colorado-high-country/
Mitsubishi Triton 4×4 AT MIVEC,https://xebiz.vn/gia-xe/mitsubishi-triton-4x4-at-mivec/
Isuzu D-Max LS Prestige 3.0 AT 4×4,https://xebiz.vn/gia-xe/isuzu-d-max-ls-prestige-3-0-at-4x4/
Mitsubishi Outlander 2.0 CVT,https://xebiz.vn/gia-xe/mitsubishi-outlander-2-0-cvt/
Mazda 3 1.5L Premium,https://xebiz.vn/gia-xe/mazda-3-1-5l-premium/
Nissan X-Trail 2.0 2WD 2021,https://xebiz.vn/gia-xe/nissan-x-trail-2-0-2wd-2021/
Nissan X-Trail 2.0 2WD,https://xebiz.vn/gia-xe/nissan-x-trail-2-0-2wd/
Ford Transit Cao cấp,https://xebiz.vn/gia-xe/ford-transit-cao-cap/
Toyota Innova 2.0 G AT,https://xebiz.vn/gia-xe/toyota-innova-2-0-g-at/
Ford Ranger Wildtrak 2.0L AT 4X2 2021,https://xebiz.vn/gia-xe/ford-ranger-wildtrak-2-0l-at-4x2-2021/
Ford Ranger Wildtrak 2.0L 4×2 AT,https://xebiz.vn/gia-xe/ford-ranger-wildtrak-2-0l-4x2-at/
Chevrolet Trailblazer 2.5L 4×2 MT LT,https://xebiz.vn/gia-xe/chevrolet-trailblazer-2-5l-4x2-mt-lt/
Mitsubishi Triton 4×4 AT MIVEC Premium,https://xebiz.vn/gia-xe/mitsubishi-triton-4x4-at-mivec-premium/
Honda HR-V 1.8 L CVT,https://xebiz.vn/gia-xe/honda-hr-v-1-8-l-cvt/
Mazda 3 2.0L Signature Luxury,https://xebiz.vn/gia-xe/mazda-3-2-0l-signature-luxury/
Mazda 3 Hatchback 1.5L Sport Premium,https://xebiz.vn/gia-xe/mazda-3-hatchback-1-5l-sport-premium/
Toyota Innova 2.0 Venturer AT,https://xebiz.vn/gia-xe/toyota-innova-2-0-venturer-at/
Hyundai Tucson 2.0 Bản Đặc Biệt,https://xebiz.vn/gia-xe/hyundai-tucson-2-0-ban-dac-biet/
Toyota Hilux 2.8G 4×4 AT,https://xebiz.vn/gia-xe/toyota-hilux-2-8g-4x4-at/
Mazda CX-30 2.5 Deluxe,https://xebiz.vn/gia-xe/mazda-cx-30-2-5-deluxe/
Toyota Corolla Altis 2.0 V CVT,https://xebiz.vn/gia-xe/toyota-corolla-altis-2-0-v-cvt/
Vinfast Lux A2.0 Tiêu chuẩn,https://xebiz.vn/gia-xe/vinfast-lux-a2-0-tieu-chuan/
Chevrolet Trailblazer 2.5L VGT 4×2 AT LT,https://xebiz.vn/gia-xe/chevrolet-trailblazer-2-5l-vgt-4x2-at-lt/
Volkswagen Jetta 1.4 l4 TSI,https://xebiz.vn/gia-xe/volkswagen-jetta-1-4-l4-tsi/
Kia Sorento 2.4 GATH Premium,https://xebiz.vn/gia-xe/kia-sorento-2-4-gath-premium/
Mazda CX-5 2.0 Deluxe,https://xebiz.vn/gia-xe/mazda-cx-5-2-0-deluxe/
Mazda CX-5 2.0 Deluxe 2021,https://xebiz.vn/gia-xe/mazda-cx-5-2-0-deluxe-2021/
Mazda 3 Hatchback 1.5L Sport Signature Luxury,https://xebiz.vn/gia-xe/mazda-3-hatchback-1-5l-sport-signature-luxury/
Mazda 6 2.0 Luxury AT,https://xebiz.vn/gia-xe/mazda-6-2-0-luxury-at/
Nissan Terra 2.5L S 2WD 6MT,https://xebiz.vn/gia-xe/nissan-terra-2-5l-s-2wd-6mt/
Ford Ranger Wildtrak 2.0L 4×4 AT,https://xebiz.vn/gia-xe/ford-ranger-wildtrak-2-0l-4x4-at/
Mazda 3 2.0L Signature Premium,https://xebiz.vn/gia-xe/mazda-3-2-0l-signature-premium/
Honda Civic 1.5 RS,https://xebiz.vn/gia-xe/honda-civic-1-5-rs/
Isuzu Mu-X 1.9 PRESTIGE 4X2 AT,https://xebiz.vn/gia-xe/isuzu-mu-x-1-9-prestige-4x2-at/
Toyota Corolla Altis V Sport,https://xebiz.vn/gia-xe/toyota-corolla-altis-v-sport/
Hyundai Tucson 1.6 Bản Đặc Biệt,https://xebiz.vn/gia-xe/hyundai-tucson-1-6-ban-dac-biet/
Mazda 3 Hatchback 1.5L Sport Signature Premium,https://xebiz.vn/gia-xe/mazda-3-hatchback-1-5l-sport-signature-premium/
Hyundai Tucson 2.0 Diesel Bản Đặc Biệt,https://xebiz.vn/gia-xe/hyundai-tucson-2-0-diesel-ban-dac-biet/
Nissan X-Trail V-series 2.0 SL Luxury,https://xebiz.vn/gia-xe/nissan-x-trail-v-series-2-0-sl-luxury/
Nissan X-Trail V-series 2.0 SL Luxury 2021,https://xebiz.vn/gia-xe/nissan-x-trail-v-series-2-0-sl-luxury-2021/
Nissan Terra 2.5L E 2WD 7AT,https://xebiz.vn/gia-xe/nissan-terra-2-5l-e-2wd-7at/
Subaru Forester 2.0 I L,https://xebiz.vn/gia-xe/subaru-forester-2-0-i-l/
Kia Sorento 2.2 DAT Premium,https://xebiz.vn/gia-xe/kia-sorento-2-2-dat-premium/
Mazda CX-5 2.0 Luxury,https://xebiz.vn/gia-xe/mazda-cx-5-2-0-luxury/
Mitsubishi Outlander 2.0 CVT Premium,https://xebiz.vn/gia-xe/mitsubishi-outlander-2-0-cvt-premium/
Renault Megane 1.6 CVT,https://xebiz.vn/gia-xe/renault-megane-1-6-cvt/
Kia Optima Premium,https://xebiz.vn/gia-xe/kia-optima-premium/
Toyota Corolla Cross 1.8 HV,https://xebiz.vn/gia-xe/toyota-corolla-cross-1-8-hv/
Toyota Innova 2.0 V AT,https://xebiz.vn/gia-xe/toyota-innova-2-0-v-at/
Vinfast Lux A2.0 Nâng cao,https://xebiz.vn/gia-xe/vinfast-lux-a2-0-nang-cao/
Toyota C-HR 2.0 CVT Limited,https://xebiz.vn/gia-xe/toyota-c-hr-2-0-cvt-limited/
Mitsubishi Pajero Sport 2.4 Diesel 4X2 MT,https://xebiz.vn/gia-xe/mitsubishi-pajero-sport-2-4-diesel-4x2-mt/
Hyundai Solati 2.5 MT,https://xebiz.vn/gia-xe/hyundai-solati-2-5-mt/
Honda CR-V 1.5 E,https://xebiz.vn/gia-xe/honda-cr-v-1-5-e/
Honda CR-V 1.5E 2021,https://xebiz.vn/gia-xe/honda-cr-v-1-5e-2021/
Honda CR-V 1.5 E 2019,https://xebiz.vn/gia-xe/honda-cr-v-1-5-e-2019/
Mazda CX-5 2.0 Premium,https://xebiz.vn/gia-xe/mazda-cx-5-2-0-premium/
Isuzu Mu-X 1.9 LIMITED,https://xebiz.vn/gia-xe/isuzu-mu-x-1-9-limited/
Hyundai SantaFe 2.4 Xăng,https://xebiz.vn/gia-xe/hyundai-santafe-2-4-xang/
Peugeot 3008 AT,https://xebiz.vn/gia-xe/peugeot-3008-at/
Ford Everest Ambiente 2.0 MT 4×2,https://xebiz.vn/gia-xe/ford-everest-ambiente-2-0-mt-4x2/
Toyota Hiace 3.0 MT,https://xebiz.vn/gia-xe/toyota-hiace-3-0-mt/
Ford Tourneo Trend,https://xebiz.vn/gia-xe/ford-tourneo-trend/
Mazda CX-5 2.5 Premium AT 2WD,https://xebiz.vn/gia-xe/mazda-cx-5-2-5-premium-at-2wd/
Mazda CX-5 2.5 Premium AT 4WD,https://xebiz.vn/gia-xe/mazda-cx-5-2-5-premium-at-4wd/
Mazda 6 2.5 AT Premium 2021,https://xebiz.vn/gia-xe/mazda-6-2-5-at-premium-2021/
Mazda CX-5 2.5 Signature Premium 2WD,https://xebiz.vn/gia-xe/mazda-cx-5-2-5-signature-premium-2wd/
Subaru Forester 2.0 I S,https://xebiz.vn/gia-xe/subaru-forester-2-0-i-s/
Mazda 6 2.5 Premium AT,https://xebiz.vn/gia-xe/mazda-6-2-5-premium-at/
Honda CR-V 1.5 G 2019,https://xebiz.vn/gia-xe/honda-cr-v-1-5-g-2019/
Honda CR-V 1.5 G,https://xebiz.vn/gia-xe/honda-cr-v-1-5-g/
Nissan X-Trail V-series 2.5 SV Luxury,https://xebiz.vn/gia-xe/nissan-x-trail-v-series-2-5-sv-luxury/
Nissan X-Trail V-series 2.5 SV Luxury 2021,https://xebiz.vn/gia-xe/nissan-x-trail-v-series-2-5-sv-luxury-2021/
Honda CR-V 1.5G 2021,https://xebiz.vn/gia-xe/honda-cr-v-1-5g-2021/
Toyota Camry 2.0 G AT,https://xebiz.vn/gia-xe/toyota-camry-2-0-g-at/
Toyota Fortuner 2.4 G 4X2 MT,https://xebiz.vn/gia-xe/toyota-fortuner-2-4-g-4x2-mt/
Chevrolet Trailblazer 2.5L VGT 4×4 AT LTZ,https://xebiz.vn/gia-xe/chevrolet-trailblazer-2-5l-vgt-4x4-at-ltz/
Nissan Juke Nismo,https://xebiz.vn/gia-xe/nissan-juke-nismo/
Ford Everest Ambiente 2.0 AT 4×2,https://xebiz.vn/gia-xe/ford-everest-ambiente-2-0-at-4x2/
Hyundai SantaFe 2.2 Dầu,https://xebiz.vn/gia-xe/hyundai-santafe-2-2-dau/
Mitsubishi Pajero Sport 2.4 Diesel 4X2 AT,https://xebiz.vn/gia-xe/mitsubishi-pajero-sport-2-4-diesel-4x2-at/
Ford Tourneo Titanium,https://xebiz.vn/gia-xe/ford-tourneo-titanium/
Mitsubishi Pajero Sport 3.0 Gasoline 4×2 AT,https://xebiz.vn/gia-xe/mitsubishi-pajero-sport-3-0-gasoline-4x2-at/
Honda CR-V 1.5L 2021,https://xebiz.vn/gia-xe/honda-cr-v-1-5l-2021/
Honda CR-V 1.5 L,https://xebiz.vn/gia-xe/honda-cr-v-1-5-l/
Honda CR-V 1.5 L 2019,https://xebiz.vn/gia-xe/honda-cr-v-1-5-l-2019/
Toyota Fortuner 2.4 AT 4×2 2021,https://xebiz.vn/gia-xe/toyota-fortuner-2-4-at-4x2-2021/
Toyota Fortuner 2.4 G AT 4X2,https://xebiz.vn/gia-xe/toyota-fortuner-2-4-g-at-4x2/
Mitsubishi Outlander 2.4 Premium,https://xebiz.vn/gia-xe/mitsubishi-outlander-2-4-premium/
Vinfast Lux A2.0 Cao cấp,https://xebiz.vn/gia-xe/vinfast-lux-a2-0-cao-cap/
Ford Everest Trend 2.0 AT 4×2,https://xebiz.vn/gia-xe/ford-everest-trend-2-0-at-4x2/
Isuzu Mu-X 3.0 PRESTIGE 4X4 AT,https://xebiz.vn/gia-xe/isuzu-mu-x-3-0-prestige-4x4-at/
Kia Sedona 2.2 Luxury,https://xebiz.vn/gia-xe/kia-sedona-2-2-luxury/
Hyundai SantaFe 2.4 Xăng đặc biệt,https://xebiz.vn/gia-xe/hyundai-santafe-2-4-xang-dac-biet/
Nissan Altima 2.5 SL,https://xebiz.vn/gia-xe/nissan-altima-2-5-sl/
Nissan Teana 2.5 SL,https://xebiz.vn/gia-xe/nissan-teana-2-5-sl/
Mazda CX-8 2.5 Skyactiv-T Deluxe AT,https://xebiz.vn/gia-xe/mazda-cx-8-2-5-skyactiv-t-deluxe-at/
Peugeot 3008 AL,https://xebiz.vn/gia-xe/peugeot-3008-al/
Mazda CX-5 2.5 Signature Premium AWD,https://xebiz.vn/gia-xe/mazda-cx-5-2-5-signature-premium-awd/
Mazda CX-5 2.5L Signature Premium 2021,https://xebiz.vn/gia-xe/mazda-cx-5-2-5l-signature-premium-2021/
Subaru Forester 2.0i-S EyeSight,https://xebiz.vn/gia-xe/subaru-forester-2-0i-s-eyesight/
Toyota Fortuner 2.7 V 4X2 AT,https://xebiz.vn/gia-xe/toyota-fortuner-2-7-v-4x2-at/
Mitsubishi Pajero Sport 3.0 V6 Gasoline 4X2 AT SE,https://xebiz.vn/gia-xe/mitsubishi-pajero-sport-3-0-v6-gasoline-4x2-at-se/
Land Rover Range Rover Autobiography LWB,https://xebiz.vn/gia-xe/land-rover-range-rover-autobiography-lwb/
Mitsubishi Pajero Sport 3.0 V6 Gasoline 4X2 AT Premium,https://xebiz.vn/gia-xe/mitsubishi-pajero-sport-3-0-v6-gasoline-4x2-at-premium/
Ford Everest Titanium 2.0 AT 4×2,https://xebiz.vn/gia-xe/ford-everest-titanium-2-0-at-4x2/
Mitsubishi Pajero Sport 3.0 V6 Gasoline 4X4 AT,https://xebiz.vn/gia-xe/mitsubishi-pajero-sport-3-0-v6-gasoline-4x4-at/
Hyundai SantaFe 2.4 Xăng cao cấp,https://xebiz.vn/gia-xe/hyundai-santafe-2-4-xang-cao-cap/
Hyundai SantaFe 2.4 Xăng đặc biệt 2021,https://xebiz.vn/gia-xe/hyundai-santafe-2-4-xang-dac-biet-2021/
Hyundai SantaFe 2.2 Dầu đặc biệt,https://xebiz.vn/gia-xe/hyundai-santafe-2-2-dau-dac-biet/
Ford Ranger Raptor 2.0L AT 4X4,https://xebiz.vn/gia-xe/ford-ranger-raptor-2-0l-at-4x4/
Nissan Terra 2.5L V 4WD 7AT,https://xebiz.vn/gia-xe/nissan-terra-2-5l-v-4wd-7at/
Toyota Fortuner 2.4 TRD AT 4X2,https://xebiz.vn/gia-xe/toyota-fortuner-2-4-trd-at-4x2/
Mazda CX-8 2.5 Skyactiv-T Luxury AT,https://xebiz.vn/gia-xe/mazda-cx-8-2-5-skyactiv-t-luxury-at/
Peugeot 5008 AT,https://xebiz.vn/gia-xe/peugeot-5008-at/
Hyundai Sonata Limited,https://xebiz.vn/gia-xe/hyundai-sonata-limited/
Kia Sedona 2.2 Platinum D,https://xebiz.vn/gia-xe/kia-sedona-2-2-platinum-d/
Toyota Camry 2.5 Q AT,https://xebiz.vn/gia-xe/toyota-camry-2-5-q-at/
Toyota Fortuner 2.7 V 4X4 AT,https://xebiz.vn/gia-xe/toyota-fortuner-2-7-v-4x4-at/
Volkswagen Passat GP,https://xebiz.vn/gia-xe/volkswagen-passat-gp/
Hyundai SantaFe 2.2 Dầu cao cấp,https://xebiz.vn/gia-xe/hyundai-santafe-2-2-dau-cao-cap/
Subaru Legacy 2.5i-S,https://xebiz.vn/gia-xe/subaru-legacy-2-5i-s/
Mitsubishi Pajero Sport 3.0 V6 Gasoline 4X4 AT Premium,https://xebiz.vn/gia-xe/mitsubishi-pajero-sport-3-0-v6-gasoline-4x4-at-premium/
Honda Accord 1.5L,https://xebiz.vn/gia-xe/honda-accord-1-5l/
Honda Clarity Hybrid,https://xebiz.vn/gia-xe/honda-clarity-hybrid/
Vinfast Lux SA2.0 Tiêu chuẩn,https://xebiz.vn/gia-xe/vinfast-lux-sa2-0-tieu-chuan/
Mercedes-Benz C180 1.6 Turbo,https://xebiz.vn/gia-xe/mercedes-benz-c180-1-6-turbo/
Ford Transit Limousine,https://xebiz.vn/gia-xe/ford-transit-limousine/
Mercedes-Benz A200 1.6 AT,https://xebiz.vn/gia-xe/mercedes-benz-a200-1-6-at/
Mazda CX-8 2.5 Skyactiv-T Premium AT,https://xebiz.vn/gia-xe/mazda-cx-8-2-5-skyactiv-t-premium-at/
Peugeot 5008 AL,https://xebiz.vn/gia-xe/peugeot-5008-al/
Audi Q2 30 TFSI,https://xebiz.vn/gia-xe/audi-q2-30-tfsi/
Toyota Fortuner 2.8 V 4X4 AT,https://xebiz.vn/gia-xe/toyota-fortuner-2-8-v-4x4-at/
Renault Latitude 2.0 TCE 16V 140 CVT,https://xebiz.vn/gia-xe/renault-latitude-2-0-tce-16v-140-cvt/
BMW 218i Gran Tourer,https://xebiz.vn/gia-xe/bmw-218i-gran-tourer/
Vinfast Lux SA2.0 Nâng cao,https://xebiz.vn/gia-xe/vinfast-lux-sa2-0-nang-cao/
Mazda CX-8 2.5 Skyactiv-T Premium AT 4WD,https://xebiz.vn/gia-xe/mazda-cx-8-2-5-skyactiv-t-premium-at-4wd/
Ford Everest Titanium 2.0L AT 4WD,https://xebiz.vn/gia-xe/ford-everest-titanium-2-0l-at-4wd/
Honda Insight EX,https://xebiz.vn/gia-xe/honda-insight-ex/
Renault Koleos 2.5 TCE,https://xebiz.vn/gia-xe/renault-koleos-2-5-tce/
Volkswagen Passat 1.8 TSI Blue Motion Comfort,https://xebiz.vn/gia-xe/volkswagen-passat-1-8-tsi-blue-motion-comfort/
BMW 118i M Sport,https://xebiz.vn/gia-xe/bmw-118i-m-sport/
Kia Sedona 3.3 Platinum G,https://xebiz.vn/gia-xe/kia-sedona-3-3-platinum-g/
Honda Ridgeline Sport,https://xebiz.vn/gia-xe/honda-ridgeline-sport/
Volkswagen Beetle 2.0 Dune,https://xebiz.vn/gia-xe/volkswagen-beetle-2-0-dune/
Subaru Levorg Sport 2.0,https://xebiz.vn/gia-xe/subaru-levorg-sport-2-0/
Volkswagen Passat 1.8 TSI Blue Motion,https://xebiz.vn/gia-xe/volkswagen-passat-1-8-tsi-blue-motion/
Renault Latitude 2.5 TCE V6 180,https://xebiz.vn/gia-xe/renault-latitude-2-5-tce-v6-180/
Renault Koleos 2.5 Privilege TCE 4WD,https://xebiz.vn/gia-xe/renault-koleos-2-5-privilege-tce-4wd/
Mercedes-Benz C200 2.0 AT,https://xebiz.vn/gia-xe/mercedes-benz-c200-2-0-at/
Renault Megane 2.0 R.S. TCE,https://xebiz.vn/gia-xe/renault-megane-2-0-r-s-tce/
Renault Talisman 1.6 AT,https://xebiz.vn/gia-xe/renault-talisman-1-6-at/
Hyundai Starex Limousine,https://xebiz.vn/gia-xe/hyundai-starex-limousine/
Toyota Prius Limited,https://xebiz.vn/gia-xe/toyota-prius-limited/
Audi A3 1.4 TFSI,https://xebiz.vn/gia-xe/audi-a3-1-4-tfsi/
Mercedes-Benz CLA 200 1.6 I4,https://xebiz.vn/gia-xe/mercedes-benz-cla-200-1-6-i4/
MINI Cooper ONE 5 DOOR,https://xebiz.vn/gia-xe/mini-cooper-one-5-door/
Vinfast Lux SA2.0 Cao cấp,https://xebiz.vn/gia-xe/vinfast-lux-sa2-0-cao-cap/
Subaru XV 2.0i-S,https://xebiz.vn/gia-xe/subaru-xv-2-0i-s/
Audi Q2 35 TFSI COD,https://xebiz.vn/gia-xe/audi-q2-35-tfsi-cod/
Mercedes-Benz GLA 200 1.6 I4,https://xebiz.vn/gia-xe/mercedes-benz-gla-200-1-6-i4/
Subaru Legacy 3.6R Limited,https://xebiz.vn/gia-xe/subaru-legacy-3-6r-limited/
Audi A4 2.0 TFSI S tronic,https://xebiz.vn/gia-xe/audi-a4-2-0-tfsi-s-tronic/
Mercedes-Benz A250 Sport,https://xebiz.vn/gia-xe/mercedes-benz-a250-sport/
Volkswagen Tiguan Allspace,https://xebiz.vn/gia-xe/volkswagen-tiguan-allspace/
Mercedes-Benz C200 Exclusive,https://xebiz.vn/gia-xe/mercedes-benz-c200-exclusive/
Mercedes-Benz GLC 200 2.0 I4,https://xebiz.vn/gia-xe/mercedes-benz-glc-200-2-0-i4/
Volvo XC40 R-Design,https://xebiz.vn/gia-xe/volvo-xc40-r-design/
Volkswagen Tiguan Topline,https://xebiz.vn/gia-xe/volkswagen-tiguan-topline/
Honda Civic Type R,https://xebiz.vn/gia-xe/honda-civic-type-r/
Volkswagen Sharan 2.0 TSI,https://xebiz.vn/gia-xe/volkswagen-sharan-2-0-tsi/
Mercedes-Benz Vito Tourer 121,https://xebiz.vn/gia-xe/mercedes-benz-vito-tourer-121/
Volkswagen Tiguan Allspace Luxury,https://xebiz.vn/gia-xe/volkswagen-tiguan-allspace-luxury/
Mercedes-Benz GLA 250 4Matic,https://xebiz.vn/gia-xe/mercedes-benz-gla-250-4matic/
BMW X1 sDrive18i xLine,https://xebiz.vn/gia-xe/bmw-x1-sdrive18i-xline/
Subaru Outback 2.5i-S EyeSight,https://xebiz.vn/gia-xe/subaru-outback-2-5i-s-eyesight/
Mercedes-Benz CLA 250 2.0 I4,https://xebiz.vn/gia-xe/mercedes-benz-cla-250-2-0-i4/
Volkswagen Tiguan Luxury S,https://xebiz.vn/gia-xe/volkswagen-tiguan-luxury-s/
MINI Cooper S 3 Door,https://xebiz.vn/gia-xe/mini-cooper-s-3-door/
BMW 320i Sport Line,https://xebiz.vn/gia-xe/bmw-320i-sport-line/
Subaru WRX Sti 2.5 Limited,https://xebiz.vn/gia-xe/subaru-wrx-sti-2-5-limited/
Audi Q3 35 TFSI,https://xebiz.vn/gia-xe/audi-q3-35-tfsi/
MINI Cooper S 5 DOOR,https://xebiz.vn/gia-xe/mini-cooper-s-5-door/
Mercedes-Benz CLA 250 4Matic,https://xebiz.vn/gia-xe/mercedes-benz-cla-250-4matic/
Mercedes-Benz GLC 250 4Matic,https://xebiz.vn/gia-xe/mercedes-benz-glc-250-4matic/
Honda Odyssey E,https://xebiz.vn/gia-xe/honda-odyssey-e/
BMW X2 sDrive18i,https://xebiz.vn/gia-xe/bmw-x2-sdrive18i/
Mercedes-Benz E200 2.0 I4,https://xebiz.vn/gia-xe/mercedes-benz-e200-2-0-i4/
Mercedes-Benz GLC 200 4Matic,https://xebiz.vn/gia-xe/mercedes-benz-glc-200-4matic/
Mercedes-Benz E180 1.5 I4,https://xebiz.vn/gia-xe/mercedes-benz-e180-1-5-i4/
Audi TT 2.0 TFSI quattro,https://xebiz.vn/gia-xe/audi-tt-2-0-tfsi-quattro/
Mitsubishi Pajero 3.0 V6,https://xebiz.vn/gia-xe/mitsubishi-pajero-3-0-v6/
BMW X2 sDrive20i,https://xebiz.vn/gia-xe/bmw-x2-sdrive20i/
Volvo S90 Inscription,https://xebiz.vn/gia-xe/volvo-s90-inscription/
Volvo XC60 Inscription,https://xebiz.vn/gia-xe/volvo-xc60-inscription/
BMW 320i Sport Line Plus,https://xebiz.vn/gia-xe/bmw-320i-sport-line-plus/
BMW 330i Sport Line,https://xebiz.vn/gia-xe/bmw-330i-sport-line/
MINI Cooper S Convertible,https://xebiz.vn/gia-xe/mini-cooper-s-convertible/
MINI Convertible S,https://xebiz.vn/gia-xe/mini-convertible-s/
BMW 428i Gran Coupe,https://xebiz.vn/gia-xe/bmw-428i-gran-coupe/
BMW 430i M Sport,https://xebiz.vn/gia-xe/bmw-430i-m-sport/
Mercedes-AMG A35 4MATIC,https://xebiz.vn/gia-xe/mercedes-amg-a35-4matic/
Mercedes-AMG A45 4MATIC,https://xebiz.vn/gia-xe/mercedes-amg-a45-4matic/
Peugeot Traveller 2.0 Premium,https://xebiz.vn/gia-xe/peugeot-traveller-2-0-premium/
BMW 420i Gran Coupe,https://xebiz.vn/gia-xe/bmw-420i-gran-coupe/
Ford Explorer Limited,https://xebiz.vn/gia-xe/ford-explorer-limited/
Mercedes-Benz GLC 300 4MATIC,https://xebiz.vn/gia-xe/mercedes-benz-glc-300-4matic/
Mercedes-Benz E200 Exclusive,https://xebiz.vn/gia-xe/mercedes-benz-e200-exclusive/
Jaguar XE Portfolio,https://xebiz.vn/gia-xe/jaguar-xe-portfolio/
MINI Cooper John Cooper Works,https://xebiz.vn/gia-xe/mini-cooper-john-cooper-works/
Mercedes-AMG CLA 45 4Matic,https://xebiz.vn/gia-xe/mercedes-amg-cla-45-4matic/
Toyota Land Cruiser Prado 2.7 AT VX,https://xebiz.vn/gia-xe/toyota-land-cruiser-prado-2-7-at-vx/
Volvo S90 Momentum,https://xebiz.vn/gia-xe/volvo-s90-momentum/
Audi Q5 45 TFSI quattro,https://xebiz.vn/gia-xe/audi-q5-45-tfsi-quattro/
BMW 520i 2.0 I4,https://xebiz.vn/gia-xe/bmw-520i-2-0-i4/
MINI Cooper John Cooper Works Convertible,https://xebiz.vn/gia-xe/mini-cooper-john-cooper-works-convertible/
Lexus ES250 2.5 I4,https://xebiz.vn/gia-xe/lexus-es250-2-5-i4/
BMW 320i M Sport,https://xebiz.vn/gia-xe/bmw-320i-m-sport/
MINI Convertible John Cooper Works,https://xebiz.vn/gia-xe/mini-convertible-john-cooper-works/
Audi A6 45 TFSI,https://xebiz.vn/gia-xe/audi-a6-45-tfsi/
Audi A7 45 TFSI,https://xebiz.vn/gia-xe/audi-a7-45-tfsi/
BMW X3 2.0 20I AT 4WD,https://xebiz.vn/gia-xe/bmw-x3-2-0-20i-at-4wd/
Audi A5 Sportback 2.0 TFSI,https://xebiz.vn/gia-xe/audi-a5-sportback-2-0-tfsi/
Lexus NX300 2.0 AT I4,https://xebiz.vn/gia-xe/lexus-nx300-2-0-at-i4/
Mercedes-Benz V250 Luxury,https://xebiz.vn/gia-xe/mercedes-benz-v250-luxury/
Land Rover Discovery Sport 2.0L I4 Turbocharged SE,https://xebiz.vn/gia-xe/land-rover-discovery-sport-2-0l-i4-turbocharged-se/
MINI Clubman John Cooper Works ALL4,https://xebiz.vn/gia-xe/mini-clubman-john-cooper-works-all4/
Toyota Sienna 3.5 AT Limited,https://xebiz.vn/gia-xe/toyota-sienna-3-5-at-limited/
MINI Countryman John Cooper Works ALL4,https://xebiz.vn/gia-xe/mini-countryman-john-cooper-works-all4/
Mercedes-Benz C300 Coupe,https://xebiz.vn/gia-xe/mercedes-benz-c300-coupe/
Jaguar E-Pace 2.0L I4 Tubrocharged R-Dynamic,https://xebiz.vn/gia-xe/jaguar-e-pace-2-0l-i4-tubrocharged-r-dynamic/
Toyota Kluger Grande,https://xebiz.vn/gia-xe/toyota-kluger-grande/
Kia Quoris 3.8 GAT,https://xebiz.vn/gia-xe/kia-quoris-3-8-gat/
BMW X3 2.0 30I AT 4WD,https://xebiz.vn/gia-xe/bmw-x3-2-0-30i-at-4wd/
Jaguar E-Pace 2.0L I4 Tubrocharged R-Dynamic S,https://xebiz.vn/gia-xe/jaguar-e-pace-2-0l-i4-tubrocharged-r-dynamic-s/
Jaguar XF 2.0L I4 Tubrocharged Prestige,https://xebiz.vn/gia-xe/jaguar-xf-2-0l-i4-tubrocharged-prestige/
Mercedes-Benz E300 AMG,https://xebiz.vn/gia-xe/mercedes-benz-e300-amg/
BMW 420i Mui trần M Sport,https://xebiz.vn/gia-xe/bmw-420i-mui-tran-m-sport/
BMW X3 2.0 30I M Sport AT 4WD,https://xebiz.vn/gia-xe/bmw-x3-2-0-30i-m-sport-at-4wd/
BMW 428i Mui trần,https://xebiz.vn/gia-xe/bmw-428i-mui-tran/
Mercedes-Benz E350 4Matic,https://xebiz.vn/gia-xe/mercedes-benz-e350-4matic/
Toyota Avalon Limited,https://xebiz.vn/gia-xe/toyota-avalon-limited/
Mercedes-Benz GLC 300 4MATIC Coupe,https://xebiz.vn/gia-xe/mercedes-benz-glc-300-4matic-coupe/
Jaguar E-Pace 2.0L I4 Tubrocharged S,https://xebiz.vn/gia-xe/jaguar-e-pace-2-0l-i4-tubrocharged-s/
BMW X4 xDrive20i,https://xebiz.vn/gia-xe/bmw-x4-xdrive20i/
Audi A6 55 TFSI quattro,https://xebiz.vn/gia-xe/audi-a6-55-tfsi-quattro/
Lexus ES300h 2.5 I4,https://xebiz.vn/gia-xe/lexus-es300h-2-5-i4/
BMW 530i Luxury Line,https://xebiz.vn/gia-xe/bmw-530i-luxury-line/
Toyota Granvia 2.8L 6 Chỗ,https://xebiz.vn/gia-xe/toyota-granvia-2-8l-6-cho/
Volvo V90 Cross Country,https://xebiz.vn/gia-xe/volvo-v90-cross-country/
Land Rover Discovery Sport 2.0L I4 Turbocharged HSE,https://xebiz.vn/gia-xe/land-rover-discovery-sport-2-0l-i4-turbocharged-hse/
Jaguar F-Pace 2.0L I4 Tubrocharged Pure,https://xebiz.vn/gia-xe/jaguar-f-pace-2-0l-i4-tubrocharged-pure/
Volkswagen Touareg Elegance,https://xebiz.vn/gia-xe/volkswagen-touareg-elegance/
Infiniti QX60 3.5 AWD,https://xebiz.vn/gia-xe/infiniti-qx60-3-5-awd/
Porsche Macan 2.0,https://xebiz.vn/gia-xe/porsche-macan-2-0/
Mercedes-Benz V250 AMG,https://xebiz.vn/gia-xe/mercedes-benz-v250-amg/
BMW M4 3.0 I6,https://xebiz.vn/gia-xe/bmw-m4-3-0-i6/
Lexus RX300 2.0 EFI,https://xebiz.vn/gia-xe/lexus-rx300-2-0-efi/
Land Rover Range Rover Evoque 2.0L I4 Turbocharged SE Plus,https://xebiz.vn/gia-xe/land-rover-range-rover-evoque-2-0l-i4-turbocharged-se-plus/
Lexus RC300 2.0 I4,https://xebiz.vn/gia-xe/lexus-rc300-2-0-i4/
Jaguar XF 2.0L I4 Tubrocharged Premium,https://xebiz.vn/gia-xe/jaguar-xf-2-0l-i4-tubrocharged-premium/
Jaguar F-Pace 2.0L I4 Tubrocharged Prestige,https://xebiz.vn/gia-xe/jaguar-f-pace-2-0l-i4-tubrocharged-prestige/
Infiniti QX60 3.5 AWD Premium,https://xebiz.vn/gia-xe/infiniti-qx60-3-5-awd-premium/
Volvo XC90 2.0 Momentum AT 4WD,https://xebiz.vn/gia-xe/volvo-xc90-2-0-momentum-at-4wd/
Audi Q7 2.0 TFSI Quattro,https://xebiz.vn/gia-xe/audi-q7-2-0-tfsi-quattro/
Volkswagen Touareg Premium,https://xebiz.vn/gia-xe/volkswagen-touareg-premium/
Land Rover Discovery Sport 2.0L I4 Turbocharged HSE Luxury,https://xebiz.vn/gia-xe/land-rover-discovery-sport-2-0l-i4-turbocharged-hse-luxury/
Jaguar F-Pace 30t Prestige,https://xebiz.vn/gia-xe/jaguar-f-pace-30t-prestige/
Mercedes-AMG GLC 43 4Matic,https://xebiz.vn/gia-xe/mercedes-amg-glc-43-4matic/
Porsche Macan S,https://xebiz.vn/gia-xe/porsche-macan-s/
Porsche 718 Cayman 2.0,https://xebiz.vn/gia-xe/porsche-718-cayman-2-0/
Mercedes-AMG SLC43 3.0 V6,https://xebiz.vn/gia-xe/mercedes-amg-slc43-3-0-v6/
Porsche 718 Boxster 2.0,https://xebiz.vn/gia-xe/porsche-718-boxster-2-0/
BMW M3 3.0 I6,https://xebiz.vn/gia-xe/bmw-m3-3-0-i6/
Land Rover Range Rover Evoque 2.0L I4 Turbocharged R-Dynamic SE,https://xebiz.vn/gia-xe/land-rover-range-rover-evoque-2-0l-i4-turbocharged-r-dynamic-se/
Audi A7 55 TFSI quattro,https://xebiz.vn/gia-xe/audi-a7-55-tfsi-quattro/
Toyota GR Supra 3.0,https://xebiz.vn/gia-xe/toyota-gr-supra-3-0/
Volkswagen Touareg Luxury,https://xebiz.vn/gia-xe/volkswagen-touareg-luxury/
Audi Q7 3.0 TFSI Quattro,https://xebiz.vn/gia-xe/audi-q7-3-0-tfsi-quattro/
Jaguar F-Pace 2.0L I4 Tubrocharged R-Sport,https://xebiz.vn/gia-xe/jaguar-f-pace-2-0l-i4-tubrocharged-r-sport/
Mercedes-Benz GLE 400 4Matic Exclusive,https://xebiz.vn/gia-xe/mercedes-benz-gle-400-4matic-exclusive/
Infiniti QX70 3.7 V6,https://xebiz.vn/gia-xe/infiniti-qx70-3-7-v6/
BMW X6 xDrive35i,https://xebiz.vn/gia-xe/bmw-x6-xdrive35i/
Lexus RX350L 3.5 V6,https://xebiz.vn/gia-xe/lexus-rx350l-3-5-v6/
Volvo XC90 2.0 Inscription AT 4WD,https://xebiz.vn/gia-xe/volvo-xc90-2-0-inscription-at-4wd/
Land Rover Range Rover Evoque 2.0L I4 Turbocharged First Edition,https://xebiz.vn/gia-xe/land-rover-range-rover-evoque-2-0l-i4-turbocharged-first-edition/
Jaguar F-Pace 30t R-Sport,https://xebiz.vn/gia-xe/jaguar-f-pace-30t-r-sport/
Toyota Land Cruiser VX V8,https://xebiz.vn/gia-xe/toyota-land-cruiser-vx-v8/
Toyota Alphard 3.5 AT Luxury,https://xebiz.vn/gia-xe/toyota-alphard-3-5-at-luxury/
Hyundai Palisade Limited,https://xebiz.vn/gia-xe/hyundai-palisade-limited/
Land Rover Range Rover Velar S,https://xebiz.vn/gia-xe/land-rover-range-rover-velar-s/
Toyota Tundra Limited,https://xebiz.vn/gia-xe/toyota-tundra-limited/
BMW X5 3.0 40I,https://xebiz.vn/gia-xe/bmw-x5-3-0-40i/
Lexus RX350 3.5 V6,https://xebiz.vn/gia-xe/lexus-rx350-3-5-v6/
Porsche Macan GTS,https://xebiz.vn/gia-xe/porsche-macan-gts/
Mercedes-Benz GLE 400 4Matic Coupe,https://xebiz.vn/gia-xe/mercedes-benz-gle-400-4matic-coupe/
Mercedes-AMG C43 3.0 V6,https://xebiz.vn/gia-xe/mercedes-amg-c43-3-0-v6/
Mercedes-Benz GLS 350d 3.0 V6,https://xebiz.vn/gia-xe/mercedes-benz-gls-350d-3-0-v6/
Mercedes-Benz S450 L 3.0 V6,https://xebiz.vn/gia-xe/mercedes-benz-s450-l-3-0-v6/
BMW X3 M 3.0 I6,https://xebiz.vn/gia-xe/bmw-x3-m-3-0-i6/
Mercedes-Benz GLE 450 4Matic,https://xebiz.vn/gia-xe/mercedes-benz-gle-450-4matic/
BMW 730Li 2.0 730Li M Sport,https://xebiz.vn/gia-xe/bmw-730li-2-0-730li-m-sport/
Lexus GS350 3.5 V6,https://xebiz.vn/gia-xe/lexus-gs350-3-5-v6/
Toyota Highlander Limited,https://xebiz.vn/gia-xe/toyota-highlander-limited/
Audi Q8 55 TFSI quattro,https://xebiz.vn/gia-xe/audi-q8-55-tfsi-quattro/
Mercedes-AMG GLE 43 4Matic Coupe,https://xebiz.vn/gia-xe/mercedes-amg-gle-43-4matic-coupe/
Mercedes-Benz GLS 400 4Matic,https://xebiz.vn/gia-xe/mercedes-benz-gls-400-4matic/
Porsche Cayenne 3.0,https://xebiz.vn/gia-xe/porsche-cayenne-3-0/
Cadillac CT6 Luxury,https://xebiz.vn/gia-xe/cadillac-ct6-luxury/
Porsche 718 Cayman S,https://xebiz.vn/gia-xe/porsche-718-cayman-s/
Lexus RX450h 3.5 V6,https://xebiz.vn/gia-xe/lexus-rx450h-3-5-v6/
BMW X5 3.0 Xline Plus 40I,https://xebiz.vn/gia-xe/bmw-x5-3-0-xline-plus-40i/
Lincoln Aviator 3.0 V6,https://xebiz.vn/gia-xe/lincoln-aviator-3-0-v6/
Porsche 718 Boxster S,https://xebiz.vn/gia-xe/porsche-718-boxster-s/
BMW X6 xDrive40i M Sport,https://xebiz.vn/gia-xe/bmw-x6-xdrive40i-m-sport/
Mercedes-Benz S450 L Luxury,https://xebiz.vn/gia-xe/mercedes-benz-s450-l-luxury/
Maserati Ghibli 3.0L V6 330HP,https://xebiz.vn/gia-xe/maserati-ghibli-3-0l-v6-330hp/
Mercedes-Benz GLS450 3.0 4Matic,https://xebiz.vn/gia-xe/mercedes-benz-gls450-3-0-4matic/
Land Rover Range Rover Sport SE,https://xebiz.vn/gia-xe/land-rover-range-rover-sport-se/
Land Rover Range Rover Velar R-Dynamic SE,https://xebiz.vn/gia-xe/land-rover-range-rover-velar-r-dynamic-se/
Land Rover Discovery 2.0L I4 Turbocharged HSE,https://xebiz.vn/gia-xe/land-rover-discovery-2-0l-i4-turbocharged-hse/
BMW 730Li 2.0,https://xebiz.vn/gia-xe/bmw-730li-2-0/
Maserati Levante 3.0 V6,https://xebiz.vn/gia-xe/maserati-levante-3-0-v6/
Porsche Panamera 3.0 V6,https://xebiz.vn/gia-xe/porsche-panamera-3-0-v6/
Porsche 718 Cayman GTS,https://xebiz.vn/gia-xe/porsche-718-cayman-gts/
Land Rover Defender 110 First Edition P400,https://xebiz.vn/gia-xe/land-rover-defender-110-first-edition-p400/
Porsche 718 Boxster GTS,https://xebiz.vn/gia-xe/porsche-718-boxster-gts/
Porsche Panamera 4,https://xebiz.vn/gia-xe/porsche-panamera-4/
Porsche Macan Turbo,https://xebiz.vn/gia-xe/porsche-macan-turbo/
Porsche Cayenne S,https://xebiz.vn/gia-xe/porsche-cayenne-s/
Land Rover Discovery 2.0L I4 Turbocharged HSE Luxury,https://xebiz.vn/gia-xe/land-rover-discovery-2-0l-i4-turbocharged-hse-luxury/
Audi A8 55 TFSI quattro,https://xebiz.vn/gia-xe/audi-a8-55-tfsi-quattro/
Land Rover Discovery 3.0L V6 Supercharged HSE,https://xebiz.vn/gia-xe/land-rover-discovery-3-0l-v6-supercharged-hse/
Land Rover Range Rover Velar R-Dynamic HSE,https://xebiz.vn/gia-xe/land-rover-range-rover-velar-r-dynamic-hse/
Porsche Panamera Wagon 4 Sport Turismo,https://xebiz.vn/gia-xe/porsche-panamera-wagon-4-sport-turismo/
Maserati Ghibli 3.0L V6 S 410HP,https://xebiz.vn/gia-xe/maserati-ghibli-3-0l-v6-s-410hp/
Lexus GX460 4.6 V8,https://xebiz.vn/gia-xe/lexus-gx460-4-6-v8/
Land Rover Range Rover Sport HSE,https://xebiz.vn/gia-xe/land-rover-range-rover-sport-hse/
Mercedes-Benz CLS 400 3.0 V6,https://xebiz.vn/gia-xe/mercedes-benz-cls-400-3-0-v6/
BMW 840i Gran Coupe,https://xebiz.vn/gia-xe/bmw-840i-gran-coupe/
Porsche Panamera 4 Executive,https://xebiz.vn/gia-xe/porsche-panamera-4-executive/
Maserati Ghibli 3.0L V6 SQ4 410HP,https://xebiz.vn/gia-xe/maserati-ghibli-3-0l-v6-sq4-410hp/
Land Rover Discovery 3.0L V6 Supercharged HSE Luxury,https://xebiz.vn/gia-xe/land-rover-discovery-3-0l-v6-supercharged-hse-luxury/
BMW 740Li 3.0,https://xebiz.vn/gia-xe/bmw-740li-3-0/
Mercedes-AMG GT53 4MATIC+,https://xebiz.vn/gia-xe/mercedes-amg-gt53-4matic/
Maserati Quattroporte 3.0L V6 S 410HP,https://xebiz.vn/gia-xe/maserati-quattroporte-3-0l-v6-s-410hp/
Volvo XC90 2.0 Excellence AT 4WD,https://xebiz.vn/gia-xe/volvo-xc90-2-0-excellence-at-4wd/
BMW M6 Gran Coupe,https://xebiz.vn/gia-xe/bmw-m6-gran-coupe/
Porsche Panamera Wagon 3.0 V6 Sport Turismo,https://xebiz.vn/gia-xe/porsche-panamera-wagon-3-0-v6-sport-turismo/
Porsche Panamera Sport Turismo,https://xebiz.vn/gia-xe/porsche-panamera-sport-turismo/
Porsche 911 Carrera 3.0,https://xebiz.vn/gia-xe/porsche-911-carrera-3-0/
Land Rover Range Rover Sport HSE Dynamic,https://xebiz.vn/gia-xe/land-rover-range-rover-sport-hse-dynamic/
Maserati Quattroporte V6 SQ4 410HP,https://xebiz.vn/gia-xe/maserati-quattroporte-v6-sq4-410hp/
Infiniti QX80 5.6 V8,https://xebiz.vn/gia-xe/infiniti-qx80-5-6-v8/
Jaguar F-Type S 3.0V6,https://xebiz.vn/gia-xe/jaguar-f-type-s-3-0v6/
Lexus LS500 3.5 V6,https://xebiz.vn/gia-xe/lexus-ls500-3-5-v6/
Maserati Quattroporte 3.8L V8 GTS GranSport 530HP,https://xebiz.vn/gia-xe/maserati-quattroporte-3-8l-v8-gts-gransport-530hp/
Mercedes-Maybach S450 3.0 V6,https://xebiz.vn/gia-xe/mercedes-maybach-s450-3-0-v6/
Porsche 911 Carrera 4,https://xebiz.vn/gia-xe/porsche-911-carrera-4/
Porsche Panamera 4S,https://xebiz.vn/gia-xe/porsche-panamera-4s/
BMW X7 xDrive40i,https://xebiz.vn/gia-xe/bmw-x7-xdrive40i/
Porsche Panamera Wagon 4S Sport Turismo,https://xebiz.vn/gia-xe/porsche-panamera-wagon-4s-sport-turismo/
BMW i8 1.5L Hybrid,https://xebiz.vn/gia-xe/bmw-i8-1-5l-hybrid/
Mercedes-Benz GLS 500 4Matic 4.7 V8,https://xebiz.vn/gia-xe/mercedes-benz-gls-500-4matic-4-7-v8/
Lexus LS500h 3.5 V6 Hybrid,https://xebiz.vn/gia-xe/lexus-ls500h-3-5-v6-hybrid/
Cadillac Escalade 6.2 V8,https://xebiz.vn/gia-xe/cadillac-escalade-6-2-v8/
Toyota Sequoia Limited,https://xebiz.vn/gia-xe/toyota-sequoia-limited/
Porsche 911 Cabriolet Carrera 4,https://xebiz.vn/gia-xe/porsche-911-cabriolet-carrera-4/
Porsche Panamera 4S Executive,https://xebiz.vn/gia-xe/porsche-panamera-4s-executive/
Porsche 911 Carrera 4S,https://xebiz.vn/gia-xe/porsche-911-carrera-4s/
Lexus LX570 Sport,https://xebiz.vn/gia-xe/lexus-lx570-sport/
Land Rover Range Rover Vogue,https://xebiz.vn/gia-xe/land-rover-range-rover-vogue/
BMW 750Li xDrive M-Sport,https://xebiz.vn/gia-xe/bmw-750li-xdrive-m-sport/
Jaguar F-Type R-Dynamic 3.0V6,https://xebiz.vn/gia-xe/jaguar-f-type-r-dynamic-3-0v6/
Porsche Cayenne Turbo,https://xebiz.vn/gia-xe/porsche-cayenne-turbo/
Mercedes-AMG GLE 63 4MATIC Coupe,https://xebiz.vn/gia-xe/mercedes-amg-gle-63-4matic-coupe/
Porsche Panamera GTS,https://xebiz.vn/gia-xe/porsche-panamera-gts/
Porsche Panamera Wagon GTS Sport Turismo,https://xebiz.vn/gia-xe/porsche-panamera-wagon-gts-sport-turismo/
Mclaren 570S 3.8 V8,https://xebiz.vn/gia-xe/mclaren-570s-3-8-v8/
Aston Martin Rapide S V12,https://xebiz.vn/gia-xe/aston-martin-rapide-s-v12/
Cadillac Escalade ESV Platinum,https://xebiz.vn/gia-xe/cadillac-escalade-esv-platinum/
Mclaren 720S 4.0 V8,https://xebiz.vn/gia-xe/mclaren-720s-4-0-v8/
Mercedes-AMG GTR 4.0 V8,https://xebiz.vn/gia-xe/mercedes-amg-gtr-4-0-v8/
Mercedes-Maybach S560 4.0 V8 4Matic,https://xebiz.vn/gia-xe/mercedes-maybach-s560-4-0-v8-4matic/
Mercedes-AMG GLS 63 5.5 V8,https://xebiz.vn/gia-xe/mercedes-amg-gls-63-5-5-v8/
Jaguar F-Type Convertible SVR 5.0V8,https://xebiz.vn/gia-xe/jaguar-f-type-convertible-svr-5-0v8/
BMW M8 Competition,https://xebiz.vn/gia-xe/bmw-m8-competition/
Bentley Bentayga Design Series,https://xebiz.vn/gia-xe/bentley-bentayga-design-series/
Land Rover Range Rover Autobiography LWB 5.0 V8,https://xebiz.vn/gia-xe/land-rover-range-rover-autobiography-lwb-5-0-v8/
Mercedes-Maybach S650 6.0 V12 Biturbo,https://xebiz.vn/gia-xe/mercedes-maybach-s650-6-0-v12-biturbo/
Aston Martin Vantage V8,https://xebiz.vn/gia-xe/aston-martin-vantage-v8/
Aston Martin DB11 4.0 V8,https://xebiz.vn/gia-xe/aston-martin-db11-4-0-v8/
Mercedes-AMG G65 6.0 V12,https://xebiz.vn/gia-xe/mercedes-amg-g65-6-0-v12/
Aston Martin Vanquish S V12,https://xebiz.vn/gia-xe/aston-martin-vanquish-s-v12/
Rolls-Royce Ghost V12,https://xebiz.vn/gia-xe/rolls-royce-ghost-v12/
Rolls-Royce Cullinan V12,https://xebiz.vn/gia-xe/rolls-royce-cullinan-v12/
Rolls-Royce Dawn V12,https://xebiz.vn/gia-xe/rolls-royce-dawn-v12/
